{
    "num_trials": 10,
    "correct_model": {
        "mse_results": [
            6.710124988766277,
            5.396160736460896,
            4.605154948473415,
            6.452763821272289,
            3.638813439975767,
            4.745717379921937,
            9.332416085307212,
            4.125652542748653,
            3.8751329467905795,
            6.672465084011064
        ],
        "epochs": [
            6164,
            6327,
            7592,
            6045,
            7481,
            7056,
            6009,
            7107,
            7105,
            6039
        ],
        "mean_mse": 5.55544019737281,
        "std_mse": 1.6666440673335283
    },
    "incorrect_model": {
        "mse_results": [
            31.161691981751254,
            21.58796333245632,
            15.196121001123068,
            13.831024429651306,
            19.138306962545304,
            23.606554797357497,
            23.66682663654758,
            17.865961581468582,
            17.286583355901872,
            30.732687102199314
        ],
        "epochs": [
            6522,
            7628,
            8736,
            9735,
            8433,
            7597,
            7504,
            8159,
            8738,
            6782
        ],
        "mean_mse": 21.407372118100213,
        "std_mse": 5.680970321570555
    },
    "ttest": {
        "p_value": 2.3129804744774394e-07
    }
}